{"id":"f6460f379dcf44f182a526303e72b39c","title":"지학사_lesson5_중학사회①.pdf","asset":[{"assetId":"4bb1569df5ad4977884b29eb3926d952","assetType":"I","mimeType":"image/jpeg","originFileName":"Page1.jpg","w":"782","h":"1024","duration":""},{"assetId":"93dac15eadbc46f5b88c3fdd4d48092d","assetType":"I","mimeType":"image/jpeg","originFileName":"Page2.jpg","w":"782","h":"1024","duration":""},{"assetId":"cd261e646cce4f949e3cfc1c42c42cfe","assetType":"I","mimeType":"image/jpeg","originFileName":"Page3.jpg","w":"782","h":"1024","duration":""},{"assetId":"1d514c0169dd43e3945900d92b1bf339","assetType":"I","mimeType":"image/jpeg","originFileName":"Page4.jpg","w":"782","h":"1024","duration":""},{"assetId":"fbe1b7706021400baac6fa0a4847d7f6","assetType":"I","mimeType":"image/jpeg","originFileName":"Page5.jpg","w":"782","h":"1024","duration":""},{"assetId":"5b6fc9fee5704cd1b4e236c5f4f59055","assetType":"I","mimeType":"image/jpeg","originFileName":"Page6.jpg","w":"782","h":"1024","duration":""},{"assetId":"d78cd6866b0a48c894ecd14b993b1ed6","assetType":"I","mimeType":"image/jpeg","originFileName":"Page7.jpg","w":"782","h":"1024","duration":""},{"assetId":"5e12f88412a94f988774e270360978c0","assetType":"I","mimeType":"image/jpeg","originFileName":"Page8.jpg","w":"782","h":"1024","duration":""},{"assetId":"52ca1bf15403496b8110ddb4314a320f","assetType":"I","mimeType":"image/jpeg","originFileName":"Page9.jpg","w":"782","h":"1024","duration":""},{"assetId":"ed20228a16a64d718fc8587596ccd661","assetType":"I","mimeType":"image/jpeg","originFileName":"Page10.jpg","w":"782","h":"1024","duration":""},{"assetId":"4fb8cb4aa2784262ac3d2e2104a7536c","assetType":"I","mimeType":"image/jpeg","originFileName":"Page11.jpg","w":"782","h":"1024","duration":""},{"assetId":"d4ed58186a334624bf2d58870e6140a8","assetType":"I","mimeType":"image/jpeg","originFileName":"Page12.jpg","w":"782","h":"1024","duration":""},{"assetId":"e54561afd0c2402db5f540f8ab0706f9","assetType":"I","mimeType":"image/jpeg","originFileName":"Page13.jpg","w":"782","h":"1024","duration":""},{"assetId":"69495c8b2ccf439195cf83d07bccdebb","assetType":"I","mimeType":"image/jpeg","originFileName":"Page14.jpg","w":"782","h":"1024","duration":""},{"assetId":"a7ecd0d406d94603b6facc744336ee15","assetType":"I","mimeType":"image/jpeg","originFileName":"Page15.jpg","w":"782","h":"1024","duration":""},{"assetId":"81d404ca4683467b98dadfd3dcd6d8db","assetType":"I","mimeType":"image/jpeg","originFileName":"Page16.jpg","w":"782","h":"1024","duration":""},{"assetId":"4cb9a3a3bbaa4331883ebb4023b234c1","assetType":"I","mimeType":"image/jpeg","originFileName":"Page17.jpg","w":"782","h":"1024","duration":""},{"assetId":"7df41b03b749497e9db4e399fe083c9d","assetType":"I","mimeType":"image/jpeg","originFileName":"Page18.jpg","w":"782","h":"1024","duration":""},{"assetId":"5ae8a52d512b4ca49958bfb3ff7d8daa","assetType":"I","mimeType":"image/jpeg","originFileName":"Page19.jpg","w":"782","h":"1024","duration":""},{"assetId":"881cb677f7d74d46967dda54b0aa7e0b","assetType":"I","mimeType":"image/jpeg","originFileName":"Page20.jpg","w":"782","h":"1024","duration":""}]}